,images,distance
0,image_0014.jpg,0.077854574
1,image_0049.jpg,0.0896557
2,image_1041.jpg,0.10383946
3,image_0016.jpg,0.1065824
4,image_1143.jpg,0.10951018
